Processed,base_image,small_image,thumbnail_image,additional_images
KAN-AP-19FW01,19FW01(C)_KANELLEWOMENSDRESS.jpg,19FW01(C)_KANELLEWOMENSDRESS.jpg,19FW01(C)_KANELLEWOMENSDRESS.jpg,"19FW01(A)_KANELLEWOMENSDRESS.jpg,19FW01(B)_KANELLEWOMENSDRESS.jpg,19FW01(D)_KANELLEWOMENSDRESS.jpg"
KAN-AP-19FW02,19FW02(A)_KANELLEWOMENTOP.jpg,19FW02(A)_KANELLEWOMENTOP.jpg,19FW02(A)_KANELLEWOMENTOP.jpg,"19FW02(B)_KANELLEWOMENTOP.jpg,19FW02(C)_KANELLEWOMENTOP.jpg,19FW02(D)_KANELLEWOMENTOP.jpg"
KAN-AP-19FW03,19FW03(A)_KANELLEWOMENDRESS.jpg,19FW03(A)_KANELLEWOMENDRESS.jpg,19FW03(A)_KANELLEWOMENDRESS.jpg,"19FW03(B)_KANELLEWOMENDRESS.jpg,19FW03(C)_KANELLEWOMENDRESS.jpg,19FW03(D)_KANELLEWOMENDRESS.jpg"
KAN-AP-19FW04,19FW04(A)_KANELLEWOMENTOP.jpg,19FW04(A)_KANELLEWOMENTOP.jpg,19FW04(A)_KANELLEWOMENTOP.jpg,"19FW04(B)_KANELLEWOMENTOP.jpg,19FW04(C)_KANELLEWOMENTOP.jpg,19FW04(D)_KANELLEWOMENTOP.jpg"
KAN-AP-19FW05,19FW05(A)_KANELLEWOMENTOP.jpg,19FW05(A)_KANELLEWOMENTOP.jpg,19FW05(A)_KANELLEWOMENTOP.jpg,"19FW05(B)_KANELLEWOMENTOP.jpg,19FW05(C)_KANELLEWOMENTOP.jpg,19FW05(D)_KANELLEWOMENTOP.jpg"
KAN-AP-19FW06,19FW06(A)_KANELLEWOMENDRESS.jpg,19FW06(A)_KANELLEWOMENDRESS.jpg,19FW06(A)_KANELLEWOMENDRESS.jpg,"19FW06(B)_KANELLEWOMENDRESS.jpg,19FW06(C)_KANELLEWOMENDRESS.jpg"
KAN-AP-19FW07,19FW07(A)_KANELLEWOMENDRESS.jpg,19FW07(A)_KANELLEWOMENDRESS.jpg,19FW07(A)_KANELLEWOMENDRESS.jpg,"19FW07(B)_KANELLEWOMENDRESS.jpg,19FW07(C)_KANELLEWOMENDRESS.jpg,19FW07(D)_KANELLEWOMENDRESS.jpg"
KAN-AP-19FW08,19FW08(B)_KANELLEWOMENJACKET.jpg,19FW08(B)_KANELLEWOMENJACKET.jpg,19FW08(B)_KANELLEWOMENJACKET.jpg,"19FW08(A)_KANELLEWOMENJACKET.jpg,19FW08(C)_KANELLEWOMENJACKET.jpg,19FW08(D)_KANELLEWOMENJACKET.jpg"
KAN-AP-19FW09,19FW09(C)_KANELLEWOMENTOP.jpg,19FW09(C)_KANELLEWOMENTOP.jpg,19FW09(C)_KANELLEWOMENTOP.jpg,"19FW09(A)_KANELLEWOMENTOP.jpg,19FW09(B)_KANELLEWOMENTOP.jpg,19FW09(D)_KANELLEWOMENTOP.jpg"
KAN-AP-19FW10,19FW10(B)_KANELLEWOMENSKIRT.jpg,19FW10(B)_KANELLEWOMENSKIRT.jpg,19FW10(B)_KANELLEWOMENSKIRT.jpg,"19FW10(A)_KANELLEWOMENSKIRT.jpg,19FW10(C)_KANELLEWOMENSKIRT.jpg,19FW10(D)_KANELLEWOMENSKIRT.jpg"
KAN-AP-19FW11,19FW11(A)_KANELLEWOMENTOP.jpg,19FW11(A)_KANELLEWOMENTOP.jpg,19FW11(A)_KANELLEWOMENTOP.jpg,"19FW11(B)_KANELLEWOMENTOP.jpg,19FW11(C)_KANELLEWOMENTOP.jpg,19FW11(D)_KANELLEWOMENTOP.jpg"
KAN-AP-19FW12,19FW12(A)_KANELLEWOMENTOP.jpg,19FW12(A)_KANELLEWOMENTOP.jpg,19FW12(A)_KANELLEWOMENTOP.jpg,"19FW12(B)_KANELLEWOMENTOP.jpg,19FW12(C)_KANELLEWOMENTOP.jpg,19FW12(D)_KANELLEWOMENTOP.jpg"
KAN-AP-19FW13,19FW13(A)_KANELLEWOMENTROUSER.jpg,19FW13(A)_KANELLEWOMENTROUSER.jpg,19FW13(A)_KANELLEWOMENTROUSER.jpg,"19FW13(B)_KANELLEWOMENTROUSER.jpg,19FW13(C)_KANELLEWOMENTROUSER.jpg,19FW13(D)_KANELLEWOMENTROUSER.jpg"
KAN-AP-19FW14,19FW14(C)_KANELLEWOMENTOP.jpg,19FW14(C)_KANELLEWOMENTOP.jpg,19FW14(C)_KANELLEWOMENTOP.jpg,"19FW14(A)_KANELLEWOMENTOP.jpg,19FW14(B)_KANELLEWOMENTOP.jpg,19FW14(D)_KANELLEWOMENTOP.jpg"
KAN-AP-19FW15,19FW15(A)_KANELLEWOMENTROUSER.jpg,19FW15(A)_KANELLEWOMENTROUSER.jpg,19FW15(A)_KANELLEWOMENTROUSER.jpg,"19FW15(B)_KANELLEWOMENTROUSER.jpg,19FW15(C)_KANELLEWOMENTROUSER.jpg"
KAN-AP-19FW16,19FW16(A)_KANELLEWOMENJACKET.jpg,19FW16(A)_KANELLEWOMENJACKET.jpg,19FW16(A)_KANELLEWOMENJACKET.jpg,"19FW16(B)_KANELLEWOMENJACKET.jpg,19FW16(C)_KANELLEWOMENJACKET.jpg"
KAN-AP-19FW17,19FW17(A)_KANELLEWOMENSDRESS.jpg,19FW17(A)_KANELLEWOMENSDRESS.jpg,19FW17(A)_KANELLEWOMENSDRESS.jpg,"19FW17(C)_KANELLEWOMENSDRESS.jpg,19FW17(D)_KANELLEWOMENSDRESS.jpg,19FW17(E)_KANELLEWOMENSDRESS.jpg"
KAN-AP-19FW18,19FW18(A)_KANELLEWOMENTROUSER.jpg,19FW18(A)_KANELLEWOMENTROUSER.jpg,19FW18(A)_KANELLEWOMENTROUSER.jpg,"19FW18(B)_KANELLEWOMENTROUSER.jpg,19FW18(C)_KANELLEWOMENTROUSER.jpg"
KAN-AP-19FW19,19FW19(A)_KANELLEWOMENSKIRT.jpg,19FW19(A)_KANELLEWOMENSKIRT.jpg,19FW19(A)_KANELLEWOMENSKIRT.jpg,"19FW19(B)_KANELLEWOMENSKIRT.jpg,19FW19(C)_KANELLEWOMENSKIRT.jpg,19FW19(D)_KANELLEWOMENSKIRT.jpg"
KAN-AP-19FW20,19FW20(A)_KANELLEWOMENTOP.jpg,19FW20(A)_KANELLEWOMENTOP.jpg,19FW20(A)_KANELLEWOMENTOP.jpg,"19FW20(B)_KANELLEWOMENTOP.jpg,19FW20(C)_KANELLEWOMENTOP.jpg,19FW20(D)_KANELLEWOMENTOP.jpg"
KAN-AP-19FW21,19FW21(A)_KANELLEWOMENCOAT.jpg,19FW21(A)_KANELLEWOMENCOAT.jpg,19FW21(A)_KANELLEWOMENCOAT.jpg,"19FW21(C)_KANELLEWOMENCOAT.jpg,19FW21(D)_KANELLEWOMENCOAT.jpg,19FW21(E)_KANELLEWOMENCOAT.jpg"
KAN-AP-19FW22,19FW22(A)_KANELLEWOMENTROUSER.jpg,19FW22(A)_KANELLEWOMENTROUSER.jpg,19FW22(A)_KANELLEWOMENTROUSER.jpg,"19FW22(B)_KANELLEWOMENTROUSER.jpg,19FW22(C)_KANELLEWOMENTROUSER.jpg,19FW22(D)_KANELLEWOMENTROUSER.jpg"
KAN-AP-19FW24,19FW24(A)_KANELLEWOMENCOAT.jpg,19FW24(A)_KANELLEWOMENCOAT.jpg,19FW24(A)_KANELLEWOMENCOAT.jpg,"19FW24(B)_KANELLEWOMENCOAT.jpg,19FW24(C)_KANELLEWOMENCOAT.jpg,19FW24(D)_KANELLEWOMENCOAT.jpg"
KAN-AP-19FW25,19FW25(A)_KANELLEWOMENSDRESS.jpg,19FW25(A)_KANELLEWOMENSDRESS.jpg,19FW25(A)_KANELLEWOMENSDRESS.jpg,"19FW25(C)_KANELLEWOMENSDRESS.jpg,19FW25(D)_KANELLEWOMENSDRESS.jpg,19FW25(E)_KANELLEWOMENSDRESS.jpg"
KAN-AP-19FW26,19FW26(D)_KANELLEWOMENDRESS.jpg,19FW26(D)_KANELLEWOMENDRESS.jpg,19FW26(D)_KANELLEWOMENDRESS.jpg,"19FW26(A)_KANELLEWOMENDRESS.jpg,19FW26(B)_KANELLEWOMENDRESS.jpg,19FW26(C)_KANELLEWOMENDRESS.jpg"
KAN-AP-20RC01,20RC01-(A).jpg,20RC01-(A).jpg,20RC01-(A).jpg,"20RC01-(B).jpg,20RC01-(C).jpg,20RC01-(D).jpg"
KAN-AP-20RC02,20RC02-(A).jpg,20RC02-(A).jpg,20RC02-(A).jpg,"20RC02-(B).jpg,20RC02-(C).jpg,20RC02-(D).jpg"
KAN-AP-20RC03,20RC03-(A).jpg,20RC03-(A).jpg,20RC03-(A).jpg,"20RC03-(B).jpg,20RC03-(C).jpg,20RC03-(D).jpg"
KAN-AP-20RC04,20RC04-(A).jpg,20RC04-(A).jpg,20RC04-(A).jpg,"20RC04-(B).jpg,20RC04-(C).jpg,20RC04-(D).jpg"
KAN-AP-20RC05,20RC05-(A).jpg,20RC05-(A).jpg,20RC05-(A).jpg,"20RC05-(B).jpg,20RC05-(D).jpg"
KAN-AP-20RC06,20RC06-(A).jpg,20RC06-(A).jpg,20RC06-(A).jpg,"20RC06-(B).jpg,20RC06-(C).jpg,20RC06-(D).jpg"
KAN-AP-20RC07,20RC07-(A).jpg,20RC07-(A).jpg,20RC07-(A).jpg,"20RC07-(B).jpg,20RC07-(C).jpg,20RC07-(D).jpg"
KAN-AP-20RC08,20RC08-(A).jpg,20RC08-(A).jpg,20RC08-(A).jpg,"20RC08-(B-).jpg,20RC08-(C).jpg,20RC08-(D).jpg"
KAN-AP-20RC09,20RC09-(A).jpg,20RC09-(A).jpg,20RC09-(A).jpg,"20RC09-(B).jpg,20RC09-(C).jpg,20RC09-(D).jpg"
KAN-AP-20RC10,20RC10-(A).jpg,20RC10-(A).jpg,20RC10-(A).jpg,"20RC10-(B).jpg,20RC10-(C).jpg,20RC10-(D).jpg"
KAN-AP-20RC11,20RC11-(A).jpg,20RC11-(A).jpg,20RC11-(A).jpg,"20RC11-(B).jpg,20RC11-(C).jpg,20RC11-(D).jpg"
KAN-AP-20RC12,20RC12-(A).jpg,20RC12-(A).jpg,20RC12-(A).jpg,"20RC12-(B).jpg,20RC12-(C).jpg,20RC12-(D).jpg"
KAN-AP-20RC13,20RC13-(A).jpg,20RC13-(A).jpg,20RC13-(A).jpg,"20RC13-(B).jpg,20RC13-(C).jpg,20RC13-(D).jpg"
KAN-AP-20RC14,20RC14-(A).jpg,20RC14-(A).jpg,20RC14-(A).jpg,"20RC14-(B).jpg,20RC14-(C).jpg,20RC14-(D).jpg"
KAN-AP-20RC15,20RC15-(A).jpg,20RC15-(A).jpg,20RC15-(A).jpg,"20RC15-(C).jpg,20RC15-(D).jpg,20RC15-(E).jpg"
KAN-AP-20RC16,20RC16-(A).jpg,20RC16-(A).jpg,20RC16-(A).jpg,"20RC16-(B).jpg,20RC16-(C).jpg,20RC16-(D).jpg"
KAN-AP-20RC17,20RC17-(A).jpg,20RC17-(A).jpg,20RC17-(A).jpg,"20RC17-(B).jpg,20RC17-(C).jpg,20RC17-(D).jpg"
KAN-AP-20RC18,20RC18-(A).jpg,20RC18-(A).jpg,20RC18-(A).jpg,"20RC18-(B).jpg,20RC18-(C).jpg,20RC18-(D).jpg"
KAN-AP-20RC19,20RC19-(A).jpg,20RC19-(A).jpg,20RC19-(A).jpg,"20RC19-(B).jpg,20RC19-(C).jpg,20RC19-(D).jpg"
KAN-AP-20RC20,20RC20-(A).jpg,20RC20-(A).jpg,20RC20-(A).jpg,"20RC20-(B).jpg,20RC20-(C).jpg,20RC20-(D).jpg"
KAN-AP-20RC21,20RC21-(A).jpg,20RC21-(A).jpg,20RC21-(A).jpg,"20RC21-(D).jpg,20RC21-(E).jpg,20RC21-(F).jpg"
KAN-AP-20RC22,20RC22-(A).jpg,20RC22-(A).jpg,20RC22-(A).jpg,"20RC22-(B).jpg,20RC22-(C).jpg,20RC22-(D).jpg"
KAN-AP-20RC23,20RC23-(A).jpg,20RC23-(A).jpg,20RC23-(A).jpg,"20RC23-(B).jpg,20RC23-(C).jpg,20RC23-(D).jpg"
KAN-AP-20RC24,20RC24-(A).jpg,20RC24-(A).jpg,20RC24-(A).jpg,"20RC24-(C).jpg,20RC24-(D).jpg,20RC24-(E).jpg"
KAN-AP-20RC25,20RC25-(A).jpg,20RC25-(A).jpg,20RC25-(A).jpg,"20RC25-(B).jpg,20RC25-(C).jpg,20RC25-(D).jpg"
KAN-AP-20RC26,20RC26-(A).jpg,20RC26-(A).jpg,20RC26-(A).jpg,"20RC26-(B).jpg,20RC26-(C).jpg,20RC26-(D).jpg"
KAN-AP-20RC27,20RC27-(A).jpg,20RC27-(A).jpg,20RC27-(A).jpg,"20RC27-(B).jpg,20RC27-(C).jpg,20RC27-(D).jpg"
KAN-AP-20RC28,20RC28-(A).jpg,20RC28-(A).jpg,20RC28-(A).jpg,"20RC28-(B).jpg,20RC28-(C).jpg,20RC28-(D).jpg"
KAN-AP-20RC29,20RC29-(A).jpg,20RC29-(A).jpg,20RC29-(A).jpg,"20RC29-(C).jpg,20RC29-(D).jpg,20RC29-(E).jpg"
KAN-AP-20RC30,20RC30-(A).jpg,20RC30-(A).jpg,20RC30-(A).jpg,"20RC30-(B).jpg,20RC30-(C).jpg,20RC30-(D).jpg"
KAN-AP-20RC31,20RC31-(A).jpg,20RC31-(A).jpg,20RC31-(A).jpg,"20RC31-(B).jpg,20RC31-(C).jpg,20RC31-(D).jpg"
KAN-AP-20RC32,20RC32-(A).jpg,20RC32-(A).jpg,20RC32-(A).jpg,"20RC32-(B).jpg,20RC32-(C).jpg,20RC32-(D).jpg"
KAN-AP-20RC33,20RC33-(A).jpg,20RC33-(A).jpg,20RC33-(A).jpg,"20RC33-(B).jpg,20RC33-(C).jpg,20RC33-(D).jpg"
KAN-AP-20S01,20S01 KANELLE_WOMENS DRESS (1).jpg,20S01 KANELLE_WOMENS DRESS (1).jpg,20S01 KANELLE_WOMENS DRESS (1).jpg,"20S01 KANELLE_WOMENS DRESS (2).jpg,20S01 KANELLE_WOMENS DRESS (3).jpg"
KAN-AP-20S02,20S02 KANELLE_WOMENS DRESS (1).jpg,20S02 KANELLE_WOMENS DRESS (1).jpg,20S02 KANELLE_WOMENS DRESS (1).jpg,"20S02 KANELLE_WOMENS DRESS (2).jpg,20S02 KANELLE_WOMENS DRESS (3).jpg,20S02 KANELLE_WOMENS DRESS (4).jpg"
KAN-AP-20S03,20S03 KANELLE_WOMENS DRESS (2).jpg,20S03 KANELLE_WOMENS DRESS (2).jpg,20S03 KANELLE_WOMENS DRESS (2).jpg,"20S03 KANELLE_WOMENS DRESS (1).jpg,20S03 KANELLE_WOMENS DRESS (3).jpg,20S03 KANELLE_WOMENS DRESS (4).jpg"
KAN-AP-20S04,20S04 KANELLE_WOMENS DRESS (1).jpg,20S04 KANELLE_WOMENS DRESS (1).jpg,20S04 KANELLE_WOMENS DRESS (1).jpg,"20S04 KANELLE_WOMENS DRESS (2).jpg,20S04 KANELLE_WOMENS DRESS (3).jpg,20S04 KANELLE_WOMENS DRESS (4).jpg"
KAN-AP-20S05,20S05 KANELLE_WOMENS DRESS (1).jpg,20S05 KANELLE_WOMENS DRESS (1).jpg,20S05 KANELLE_WOMENS DRESS (1).jpg,"20S05 KANELLE_WOMENS DRESS (2).jpg,20S05 KANELLE_WOMENS DRESS (3).jpg,20S05 KANELLE_WOMENS DRESS (4).jpg"
KAN-AP-20S07,20S07 KANELLE_WOMENS DRESS (1).jpg,20S07 KANELLE_WOMENS DRESS (1).jpg,20S07 KANELLE_WOMENS DRESS (1).jpg,"20S07 KANELLE_WOMENS DRESS (2).jpg,20S07 KANELLE_WOMENS DRESS (3).jpg,20S07 KANELLE_WOMENS DRESS (4).jpg"
KAN-AP-20S08,20S08 KANELLE_WOMENS DRESS (1).jpg,20S08 KANELLE_WOMENS DRESS (1).jpg,20S08 KANELLE_WOMENS DRESS (1).jpg,"20S08 KANELLE_WOMENS DRESS (3).jpg,20S08 KANELLE_WOMENS DRESS (4).jpg,20S08 KANELLE_WOMENS DRESS (5).jpg"
KAN-AP-20S09,20S09 KANELLE_WOMENS DRESS (2).jpg,20S09 KANELLE_WOMENS DRESS (2).jpg,20S09 KANELLE_WOMENS DRESS (2).jpg,"20S09 KANELLE_WOMENS DRESS (1).jpg,20S09 KANELLE_WOMENS DRESS (3).jpg,20S09 KANELLE_WOMENS DRESS (4).jpg"
KAN-AP-20S10,20S10 KANELLE_WOMENS DRESS (1).jpg,20S10 KANELLE_WOMENS DRESS (1).jpg,20S10 KANELLE_WOMENS DRESS (1).jpg,"20S10 KANELLE_WOMENS DRESS (2).jpg,20S10 KANELLE_WOMENS DRESS (3).jpg,20S10 KANELLE_WOMENS DRESS (4).jpg"
KAN-AP-20S12,20S12 KANELLE_WOMENS DRESS (1).jpg,20S12 KANELLE_WOMENS DRESS (1).jpg,20S12 KANELLE_WOMENS DRESS (1).jpg,"20S12 KANELLE_WOMENS DRESS (3).jpg,20S12 KANELLE_WOMENS DRESS (4).jpg,20S12 KANELLE_WOMENS DRESS (5).jpg"
KAN-AP-20S13,20S13 KANELLE_WOMENS DRESS (1).jpg,20S13 KANELLE_WOMENS DRESS (1).jpg,20S13 KANELLE_WOMENS DRESS (1).jpg,"20S13 KANELLE_WOMENS DRESS (2).jpg,20S13 KANELLE_WOMENS DRESS (3).jpg"
KAN-AP-20S15,20S15 KANELLE_WOMENS TOP (1).jpg,20S15 KANELLE_WOMENS TOP (1).jpg,20S15 KANELLE_WOMENS TOP (1).jpg,"20S15 KANELLE_WOMENS TOP (2).jpg,20S15 KANELLE_WOMENS TOP (3).jpg,20S15 KANELLE_WOMENS TOP (4).jpg"
KAN-AP-20S17,20S17 KANELLE_WOMENS TOP (2).jpg,20S17 KANELLE_WOMENS TOP (2).jpg,20S17 KANELLE_WOMENS TOP (2).jpg,"20S17 KANELLE_WOMENS TOP (1).jpg,20S17 KANELLE_WOMENS TOP (3).jpg,20S17 KANELLE_WOMENS TOP (4).jpg"
KAN-AP-20S18,20S18 KANELLE_WOMENS TOP (2).jpg,20S18 KANELLE_WOMENS TOP (2).jpg,20S18 KANELLE_WOMENS TOP (2).jpg,"20S18 KANELLE_WOMENS TOP (1).jpg,20S18 KANELLE_WOMENS TOP (3).jpg,20S18 KANELLE_WOMENS TOP (4).jpg"
KAN-AP-20S19,20S19 KANELLE_WOMENS TOP (2).jpg,20S19 KANELLE_WOMENS TOP (2).jpg,20S19 KANELLE_WOMENS TOP (2).jpg,"20S19 KANELLE_WOMENS TOP (1).jpg,20S19 KANELLE_WOMENS TOP (3).jpg,20S19 KANELLE_WOMENS TOP (4).jpg"
KAN-AP-20S20,20S20 KANELLE_WOMENS TOP (2).jpg,20S20 KANELLE_WOMENS TOP (2).jpg,20S20 KANELLE_WOMENS TOP (2).jpg,"20S20 KANELLE_WOMENS TOP (1).jpg,20S20 KANELLE_WOMENS TOP (3).jpg,20S20 KANELLE_WOMENS TOP (4).jpg"
KAN-AP-20S23,20S23 KANELLE_WOMENS TOP (2).jpg,20S23 KANELLE_WOMENS TOP (2).jpg,20S23 KANELLE_WOMENS TOP (2).jpg,"20S23 KANELLE_WOMENS TOP (3).jpg,20S23 KANELLE_WOMENS TOP (4).jpg,20S23 KANELLE_WOMENS TOP (5).jpg"
KAN-AP-20S25,20S25 KANELLE_WOMENS TOP (2).jpg,20S25 KANELLE_WOMENS TOP (2).jpg,20S25 KANELLE_WOMENS TOP (2).jpg,"20S25 KANELLE_WOMENS TOP (1).jpg,20S25 KANELLE_WOMENS TOP (3).jpg,20S25 KANELLE_WOMENS TOP (4).jpg"
KAN-AP-20S27,20S27 KANELLE_WOMENS PANTS (3).jpg,20S27 KANELLE_WOMENS PANTS (3).jpg,20S27 KANELLE_WOMENS PANTS (3).jpg,"20S27 KANELLE_WOMENS  PANTS (1).jpg,20S27 KANELLE_WOMENS PANTS (2).jpg,20S27 KANELLE_WOMENS PANTS (4).jpg"
KAN-AP-20S28,20S28 KANELLE_WOMENS  PANTS (2).jpg,20S28 KANELLE_WOMENS  PANTS (2).jpg,20S28 KANELLE_WOMENS  PANTS (2).jpg,"20S28 KANELLE_WOMENS  PANTS (1).jpg,20S28 KANELLE_WOMENS  PANTS (3).jpg,20S28 KANELLE_WOMENS  PANTS (4).jpg"
KAN-AP-20S29,20S29 KANELLE_WOMENS  PANTS (4).jpg,20S29 KANELLE_WOMENS  PANTS (4).jpg,20S29 KANELLE_WOMENS  PANTS (4).jpg,"20S29 KANELLE_WOMENS  PANTS (1).jpg,20S29 KANELLE_WOMENS  PANTS (2).jpg,20S29 KANELLE_WOMENS  PANTS (3).jpg"
KAN-AP-20S32,20S32 KANELLE_WOMENS COAT (1).jpg,20S32 KANELLE_WOMENS COAT (1).jpg,20S32 KANELLE_WOMENS COAT (1).jpg,"20S32 KANELLE_WOMENS COAT (2).jpg,20S32 KANELLE_WOMENS COAT (3).jpg"
KAN-AP-20S33,20S33 KANELLE_WOMENS COAT (1).jpg,20S33 KANELLE_WOMENS COAT (1).jpg,20S33 KANELLE_WOMENS COAT (1).jpg,"20S33 KANELLE_WOMENS COAT (2).jpg,20S33 KANELLE_WOMENS COAT (3).jpg,20S33 KANELLE_WOMENS COAT (4).jpg"
KAN-AP-20S36,20S36 KANELLE_WOMENS DRESS (1).jpg,20S36 KANELLE_WOMENS DRESS (1).jpg,20S36 KANELLE_WOMENS DRESS (1).jpg,"20S36 KANELLE_WOMENS DRESS (2).jpg,20S36 KANELLE_WOMENS DRESS (3).jpg,20S36 KANELLE_WOMENS DRESS (4).jpg"
KAN-AP-20S37,20S37 KANELLE_WOMENS TOP (2).jpg,20S37 KANELLE_WOMENS TOP (2).jpg,20S37 KANELLE_WOMENS TOP (2).jpg,"20S37 KANELLE_WOMENS TOP (1).jpg,20S37 KANELLE_WOMENS TOP (3).jpg,20S37 KANELLE_WOMENS TOP (4).jpg"
KAN-AP-20S38,20S38 KANELLE_WOMENS DRESS (1).jpg,20S38 KANELLE_WOMENS DRESS (1).jpg,20S38 KANELLE_WOMENS DRESS (1).jpg,"20S38 KANELLE_WOMENS DRESS (2).jpg,20S38 KANELLE_WOMENS DRESS (3).jpg,20S38 KANELLE_WOMENS DRESS (4).jpg"
KAN-AP-20S39,20S39 KANELLE_WOMENS DRESS (1).jpg,20S39 KANELLE_WOMENS DRESS (1).jpg,20S39 KANELLE_WOMENS DRESS (1).jpg,"20S39 KANELLE_WOMENS DRESS (2).jpg,20S39 KANELLE_WOMENS DRESS (3).jpg,20S39 KANELLE_WOMENS DRESS (4).jpg"
KAN-AP-20S40,20S40 KANELLE_WOMENS TOP (1).jpg,20S40 KANELLE_WOMENS TOP (1).jpg,20S40 KANELLE_WOMENS TOP (1).jpg,"20S40 KANELLE_WOMENS TOP (2).jpg,20S40 KANELLE_WOMENS TOP (3).jpg,20S40 KANELLE_WOMENS TOP (4).jpg"
KAN-AP-20S41,20S41 KANELLE_WOMENS DRESS (1).jpg,20S41 KANELLE_WOMENS DRESS (1).jpg,20S41 KANELLE_WOMENS DRESS (1).jpg,20S41 KANELLE_WOMENS DRESS (2).jpg
KAN-AP-20S42,20S42 KANELLE_WOMENS DRESS (1).jpg,20S42 KANELLE_WOMENS DRESS (1).jpg,20S42 KANELLE_WOMENS DRESS (1).jpg,"20S42 KANELLE_WOMENS DRESS (2).jpg,20S42 KANELLE_WOMENS DRESS (3).jpg,20S42 KANELLE_WOMENS DRESS (4).jpg"
KAN-AP-20S43,20S43 KANELLE_WOMENS TOP (1).jpg,20S43 KANELLE_WOMENS TOP (1).jpg,20S43 KANELLE_WOMENS TOP (1).jpg,"20S43 KANELLE_WOMENS TOP (2).jpg,20S43 KANELLE_WOMENS TOP (3).jpg,20S43 KANELLE_WOMENS TOP (4).jpg"
KAN-AP-20S44,20S44 KANELLE_WOMENS  PANTS (2).jpg,20S44 KANELLE_WOMENS  PANTS (2).jpg,20S44 KANELLE_WOMENS  PANTS (2).jpg,"20S44 KANELLE_WOMENS  PANTS (1).jpg,20S44 KANELLE_WOMENS  PANTS (3).jpg,20S44 KANELLE_WOMENS  PANTS (4).jpg"
KAN-AP-20S45,20S45 KANELLE_WOMENS COAT (1).jpg,20S45 KANELLE_WOMENS COAT (1).jpg,20S45 KANELLE_WOMENS COAT (1).jpg,"20S45 KANELLE_WOMENS COAT (2).jpg,20S45 KANELLE_WOMENS COAT (3).jpg"
KAN-AP-20S46,20S46 KANELLE_WOMENS SAREE (1).jpg,20S46 KANELLE_WOMENS SAREE (1).jpg,20S46 KANELLE_WOMENS SAREE (1).jpg,"20S46 KANELLE_WOMENS SAREE (2).jpg,20S46 KANELLE_WOMENS SAREE (3).jpg"
KAN-AP-20S47,20S47 KANELLE_WOMENS TOP (2).jpg,20S47 KANELLE_WOMENS TOP (2).jpg,20S47 KANELLE_WOMENS TOP (2).jpg,"20S47 KANELLE_WOMENS TOP (1).jpg,20S47 KANELLE_WOMENS TOP (3).jpg"
KAN-AP-20S48,20S48 KANELLE_WOMENS SAREE (1).jpg,20S48 KANELLE_WOMENS SAREE (1).jpg,20S48 KANELLE_WOMENS SAREE (1).jpg,"20S48 KANELLE_WOMENS SAREE (2).jpg,20S48 KANELLE_WOMENS SAREE (3).jpg"
KAN-AP-20S49,20S49 KANELLE_WOMENS TOP (2).jpg,20S49 KANELLE_WOMENS TOP (2).jpg,20S49 KANELLE_WOMENS TOP (2).jpg,20S49 KANELLE_WOMENS TOP (1).jpg
KAN-AP-20S50,20S50 KANELLE_WOMENS SAREE (1).jpg,20S50 KANELLE_WOMENS SAREE (1).jpg,20S50 KANELLE_WOMENS SAREE (1).jpg,"20S50 KANELLE_WOMENS SAREE (2).jpg,20S50 KANELLE_WOMENS SAREE (3).jpg,20S50 KANELLE_WOMENS SAREE (4).jpg"
KAN-AP-20S51,20S51 KANELLE_WOMENS TOP (1).jpg,20S51 KANELLE_WOMENS TOP (1).jpg,20S51 KANELLE_WOMENS TOP (1).jpg,"20S51 KANELLE_WOMENS TOP (2).jpg,20S51 KANELLE_WOMENS TOP (3).jpg"
KAN-AP-20PF01,KAN-AP-20PF01-(A).jpg,KAN-AP-20PF01-(A).jpg,KAN-AP-20PF01-(A).jpg,"KAN-AP-20PF01-(B).jpg,KAN-AP-20PF01-(C).jpg,KAN-AP-20PF01-(D).jpg"
KAN-AP-20PF02,KAN-AP-20PF02-(A).jpg,KAN-AP-20PF02-(A).jpg,KAN-AP-20PF02-(A).jpg,"KAN-AP-20PF02-(C).jpg,KAN-AP-20PF02-(D).jpg,KAN-AP-20PF02-(E).jpg"
KAN-AP-20PF03,KAN-AP-20PF03-(A).jpg,KAN-AP-20PF03-(A).jpg,KAN-AP-20PF03-(A).jpg,"KAN-AP-20PF03-(C).jpg,KAN-AP-20PF03-(D).jpg,KAN-AP-20PF03-(E).jpg"
KAN-AP-20PF04,KAN-AP-20PF04-(A).jpg,KAN-AP-20PF04-(A).jpg,KAN-AP-20PF04-(A).jpg,"KAN-AP-20PF04-(C).jpg,KAN-AP-20PF04-(D).jpg,KAN-AP-20PF04-(E).jpg"
KAN-AP-20PF05,KAN-AP-20PF05-(A).jpg,KAN-AP-20PF05-(A).jpg,KAN-AP-20PF05-(A).jpg,"KAN-AP-20PF05-(C).jpg,KAN-AP-20PF05-(D).jpg,KAN-AP-20PF05-(E).jpg"
KAN-AP-20PF06,KAN-AP-20PF06-(A).jpg,KAN-AP-20PF06-(A).jpg,KAN-AP-20PF06-(A).jpg,"KAN-AP-20PF06-(C).jpg,KAN-AP-20PF06-(D).jpg,KAN-AP-20PF06-(E).jpg"
KAN-AP-20PF07,KAN-AP-20PF07-(A).jpg,KAN-AP-20PF07-(A).jpg,KAN-AP-20PF07-(A).jpg,"KAN-AP-20PF07-(B).jpg,KAN-AP-20PF07-(C).jpg,KAN-AP-20PF07-(D).jpg"
KAN-AP-20PF08,KAN-AP-20PF08-(A).jpg,KAN-AP-20PF08-(A).jpg,KAN-AP-20PF08-(A).jpg,"KAN-AP-20PF08-(C).jpg,KAN-AP-20PF08-(D).jpg,KAN-AP-20PF08-(E).jpg"
KAN-AP-20PF09,KAN-AP-20PF09-(A).jpg,KAN-AP-20PF09-(A).jpg,KAN-AP-20PF09-(A).jpg,"KAN-AP-20PF09-(C).jpg,KAN-AP-20PF09-(D).jpg,KAN-AP-20PF09-(E).jpg"
KAN-AP-20PF10,KAN-AP-20PF10-(B).jpg,KAN-AP-20PF10-(B).jpg,KAN-AP-20PF10-(B).jpg,"KAN-AP-20PF10 (D).jpg,KAN-AP-20PF10-(C).jpg,KAN-AP-20PF10-(D).jpg"
KAN-AP-20PF11,KAN-AP-20PF11-(A).jpg,KAN-AP-20PF11-(A).jpg,KAN-AP-20PF11-(A).jpg,"KAN-AP-20PF11-(B).jpg,KAN-AP-20PF11-(C).jpg,KAN-AP-20PF11-(D).jpg"
KAN-AP-20PF12,KAN-AP-20PF12-(A).jpg,KAN-AP-20PF12-(A).jpg,KAN-AP-20PF12-(A).jpg,"KAN-AP-20PF12-(B).jpg,KAN-AP-20PF12-(C).jpg,KAN-AP-20PF12-(D).jpg"
KAN-AP-20PF13,KAN-AP-20PF13-(A).jpg,KAN-AP-20PF13-(A).jpg,KAN-AP-20PF13-(A).jpg,"KAN-AP-20PF13 (D).jpg,KAN-AP-20PF13-(C).jpg,KAN-AP-20PF13-(D).jpg"
KAN-AP-20PF14,KAN-AP-20PF14-(A).jpg,KAN-AP-20PF14-(A).jpg,KAN-AP-20PF14-(A).jpg,"KAN-AP-20PF14-(B).jpg,KAN-AP-20PF14-(C).jpg,KAN-AP-20PF14-(D).jpg"
KAN-AP-20PF15,KAN-AP-20PF15-(A).jpg,KAN-AP-20PF15-(A).jpg,KAN-AP-20PF15-(A).jpg,"KAN-AP-20PF15-(C).jpg,KAN-AP-20PF15-(D).jpg,KAN-AP-20PF15-(E).jpg"
KAN-AP-20PF16,KAN-AP-20PF16-(A).jpg,KAN-AP-20PF16-(A).jpg,KAN-AP-20PF16-(A).jpg,"KAN-AP-20PF16-(C).jpg,KAN-AP-20PF16-(D).jpg,KAN-AP-20PF16-(E).jpg"
KAN-AP-20PF17,KAN-AP-20PF17-(A).jpg,KAN-AP-20PF17-(A).jpg,KAN-AP-20PF17-(A).jpg,"KAN-AP-20PF17-(C).jpg,KAN-AP-20PF17-(D).jpg,KAN-AP-20PF17-(E).jpg"
KAN-AP-20PF18,KAN-AP-20PF18-(A).jpg,KAN-AP-20PF18-(A).jpg,KAN-AP-20PF18-(A).jpg,"KAN-AP-20PF18-(B).jpg,KAN-AP-20PF18-(C).jpg,KAN-AP-20PF18-(D).jpg"
KAN-AP-20PF19,KAN-AP-20PF19-(A).jpg,KAN-AP-20PF19-(A).jpg,KAN-AP-20PF19-(A).jpg,"KAN-AP-20PF19-(B).jpg,KAN-AP-20PF19-(C).jpg,KAN-AP-20PF19-(D).jpg"
KAN-AP-20PF20,KAN-AP-20PF20-(A).jpg,KAN-AP-20PF20-(A).jpg,KAN-AP-20PF20-(A).jpg,"KAN-AP-20PF20-(B).jpg,KAN-AP-20PF20-(C).jpg,KAN-AP-20PF20-(D).jpg"
KAN-AP-20PF21,KAN-AP-20PF21 (A).jpg,KAN-AP-20PF21 (A).jpg,KAN-AP-20PF21 (A).jpg,"KAN-AP-20PF21 (B).jpg,KAN-AP-20PF21 (C).jpg,KAN-AP-20PF21 (D).jpg"
KAN-AP-20PF22,KAN-AP-20PF22-(A).jpg,KAN-AP-20PF22-(A).jpg,KAN-AP-20PF22-(A).jpg,"KAN-AP-20PF22-(B).jpg,KAN-AP-20PF22-(C).jpg,KAN-AP-20PF22-(D).jpg"
KAN-AP-20PF23,KAN-AP-20PF23-(A).jpg,KAN-AP-20PF23-(A).jpg,KAN-AP-20PF23-(A).jpg,"KAN-AP-20PF23-(C).jpg,KAN-AP-20PF23-(D).jpg,KAN-AP-20PF23-(E).jpg"
KAN-AP-20PF24,KAN-AP-20PF24-(A).jpg,KAN-AP-20PF24-(A).jpg,KAN-AP-20PF24-(A).jpg,"KAN-AP-20PF24-(C).jpg,KAN-AP-20PF24-(D).jpg,KAN-AP-20PF24-(E).jpg"
KAN-AP-20PF25,KAN-AP-20PF25-(A).jpg,KAN-AP-20PF25-(A).jpg,KAN-AP-20PF25-(A).jpg,"KAN-AP-20PF25-(B).jpg,KAN-AP-20PF25-(C).jpg,KAN-AP-20PF25-(D).jpg"
KAN-AP-20PF26,KAN-AP-20PF26-(A).jpg,KAN-AP-20PF26-(A).jpg,KAN-AP-20PF26-(A).jpg,"KAN-AP-20PF26-(C).jpg,KAN-AP-20PF26-(D).jpg,KAN-AP-20PF26-(E).jpg"
KAN-AP-20PF27,KAN-AP-20PF28 (A).jpg,KAN-AP-20PF28 (A).jpg,KAN-AP-20PF28 (A).jpg,"KAN-AP-20PF27-(B).jpg,KAN-AP-20PF27-(C).jpg,KAN-AP-20PF27-(D).jpg"
KAN-AP-20PF28,KAN-AP-20PF27-(A).jpg,KAN-AP-20PF27-(A).jpg,KAN-AP-20PF27-(A).jpg,"KAN-AP-20PF28-(C).jpg,KAN-AP-20PF28-(D).jpg,KAN-AP-20PF28-(E).jpg"
KAN-AP-20PF29,KAN-AP-20PF29-(A).jpg,KAN-AP-20PF29-(A).jpg,KAN-AP-20PF29-(A).jpg,"KAN-AP-20PF29-(B).jpg,KAN-AP-20PF29-(C).jpg,KAN-AP-20PF29-(D).jpg"
KAN-AP-20PF30,KAN-AP-20PF30-(A).jpg,KAN-AP-20PF30-(A).jpg,KAN-AP-20PF30-(A).jpg,"KAN-AP-20PF30-(B).jpg,KAN-AP-20PF30-(C).jpg,KAN-AP-20PF30-(D).jpg"
KAN-AP-20PF31,KAN-AP-20PF31-(A)0.jpg,KAN-AP-20PF31-(A)0.jpg,KAN-AP-20PF31-(A)0.jpg,"KAN-AP-20PF31-(B)0.jpg,KAN-AP-20PF31-(C)0.jpg,KAN-AP-20PF31-(D)0.jpg"
KAN-AP-20PF32,KAN-AP-20PF32-(A).jpg,KAN-AP-20PF32-(A).jpg,KAN-AP-20PF32-(A).jpg,"KAN-AP-20PF32-(B).jpg,KAN-AP-20PF32-(C).jpg,KAN-AP-20PF32-(D).jpg"
