sku,visibility
KAN-AP-17S08_3,Not Visible Individually
KAN-AP-17S08_2,Not Visible Individually
KAN-AP-17S08_1,Not Visible Individually
KAN-AP-17S14_3,Not Visible Individually
KAN-AP-17S14_2,Not Visible Individually
KAN-AP-17S14_1,Not Visible Individually
KAN-AP-17S15_3,Not Visible Individually
KAN-AP-17S15_2,Not Visible Individually
KAN-AP-17S15_1,Not Visible Individually
KAN-AP-17S19,Not Visible Individually
KAN-AP-17S27_3,Not Visible Individually
KAN-AP-17S27_2,Not Visible Individually
KAN-AP-17S27_1,Not Visible Individually
KAN-AP-17S31_3,Not Visible Individually
KAN-AP-17S31_2,Not Visible Individually
KAN-AP-17S31_1,Not Visible Individually
KAN-AP-17S36_3,Not Visible Individually
KAN-AP-17S36_2,Not Visible Individually
KAN-AP-17S36_1,Not Visible Individually
KAN-AP-17S44_3,Not Visible Individually
KAN-AP-17S44_2,Not Visible Individually
KAN-AP-17S44_1,Not Visible Individually
KAN-AP-17S46_3,Not Visible Individually
KAN-AP-17S46_2,Not Visible Individually
KAN-AP-17S46_1,Not Visible Individually
KAN-AP-17S49_3,Not Visible Individually
KAN-AP-17S49_2,Not Visible Individually
KAN-AP-17S49_1,Not Visible Individually
KAN-AP-19S03_3,Not Visible Individually
KAN-AP-19S03_2,Not Visible Individually
KAN-AP-19S03_1,Not Visible Individually
KAN-AP-19S06_3,Not Visible Individually
KAN-AP-19S06_2,Not Visible Individually
KAN-AP-19S06_1,Not Visible Individually
KAN-AP-19S13_3,Not Visible Individually
KAN-AP-19S13_2,Not Visible Individually
KAN-AP-19S13_1,Not Visible Individually
KAN-AP-19S17_2,Not Visible Individually
KAN-AP-19S17_1,Not Visible Individually
KAN-AP-19S19_4,Not Visible Individually
KAN-AP-19S19_3,Not Visible Individually
KAN-AP-19S19_2,Not Visible Individually
KAN-AP-19S19_1,Not Visible Individually
KAN-AP-19S21_3,Not Visible Individually
KAN-AP-19S21_2,Not Visible Individually
KAN-AP-19S21_1,Not Visible Individually
KAN-AP-19S23_3,Not Visible Individually
KAN-AP-19S23_2,Not Visible Individually
KAN-AP-19S23_1,Not Visible Individually
KAN-AP-19S25_3,Not Visible Individually
KAN-AP-19S25_2,Not Visible Individually
KAN-AP-19S25_1,Not Visible Individually
KAN-AP-19S26_2,Not Visible Individually
KAN-AP-19S26_1,Not Visible Individually
KAN-AP-19S31_3,Not Visible Individually
KAN-AP-19S31_2,Not Visible Individually
KAN-AP-19S31_1,Not Visible Individually
KAN-AP-19S34_3,Not Visible Individually
KAN-AP-19S34_2,Not Visible Individually
KAN-AP-19S34_1,Not Visible Individually
KAN-AP-19S35_3,Not Visible Individually
KAN-AP-19S35_2,Not Visible Individually
KAN-AP-19S35_1,Not Visible Individually
KAN-AP-19S36_3,Not Visible Individually
KAN-AP-19S36_2,Not Visible Individually
KAN-AP-19S36_1,Not Visible Individually
KAN-AP-19S37_3,Not Visible Individually
KAN-AP-19S37_2,Not Visible Individually
KAN-AP-19S37_1,Not Visible Individually
KAN-AP-19S38_3,Not Visible Individually
KAN-AP-19S38_2,Not Visible Individually
KAN-AP-19S38_1,Not Visible Individually
KAN-AP-19S40_3,Not Visible Individually
KAN-AP-19S40_2,Not Visible Individually
KAN-AP-19S40_1,Not Visible Individually
KAN-AP-19S42_4,Not Visible Individually
KAN-AP-19S42_3,Not Visible Individually
KAN-AP-19S42_2,Not Visible Individually
KAN-AP-19S42_1,Not Visible Individually
KAN-AP-18S06_3,Not Visible Individually
KAN-AP-18S06_2,Not Visible Individually
KAN-AP-18S06_1,Not Visible Individually
KAN-AP-18S11_3,Not Visible Individually
KAN-AP-18S11_2,Not Visible Individually
KAN-AP-18S11_1,Not Visible Individually
KAN-AP-18S12_3,Not Visible Individually
KAN-AP-18S12_2,Not Visible Individually
KAN-AP-18S12_1,Not Visible Individually
KAN-AP-18S13_3,Not Visible Individually
KAN-AP-18S13_2,Not Visible Individually
KAN-AP-18S13_1,Not Visible Individually
KAN-AP-18S14_3,Not Visible Individually
KAN-AP-18S14_2,Not Visible Individually
KAN-AP-18S14_1,Not Visible Individually
KAN-AP-18S15_3,Not Visible Individually
KAN-AP-18S15_2,Not Visible Individually
KAN-AP-18S15_1,Not Visible Individually
KAN-AP-18S16_3,Not Visible Individually
KAN-AP-18S16_2,Not Visible Individually
KAN-AP-18S16_1,Not Visible Individually
KAN-AP-18S18_3,Not Visible Individually
KAN-AP-18S18_2,Not Visible Individually
KAN-AP-18S18_1,Not Visible Individually
KAN-AP-18S19_3,Not Visible Individually
KAN-AP-18S19_2,Not Visible Individually
KAN-AP-18S19_1,Not Visible Individually
KAN-AP-18S22_3,Not Visible Individually
KAN-AP-18S22_2,Not Visible Individually
KAN-AP-18S22_1,Not Visible Individually
KAN-AP-18S32_3,Not Visible Individually
KAN-AP-18S32_2,Not Visible Individually
KAN-AP-18S32_1,Not Visible Individually
KAN-AP-18WF03_4,Not Visible Individually
KAN-AP-18WF03_3,Not Visible Individually
KAN-AP-18WF03_2,Not Visible Individually
KAN-AP-18WF03_1,Not Visible Individually
KAN-AP-18WF04_4,Not Visible Individually
KAN-AP-18WF04_3,Not Visible Individually
KAN-AP-18WF04_2,Not Visible Individually
KAN-AP-18WF04_1,Not Visible Individually
KAN-AP-18WF05_4,Not Visible Individually
KAN-AP-18WF05_3,Not Visible Individually
KAN-AP-18WF05_2,Not Visible Individually
KAN-AP-18WF05_1,Not Visible Individually
KAN-AP-18WF07_4,Not Visible Individually
KAN-AP-18WF07_3,Not Visible Individually
KAN-AP-18WF07_2,Not Visible Individually
KAN-AP-18WF07_1,Not Visible Individually
KAN-AP-18WF10_4,Not Visible Individually
KAN-AP-18WF10_3,Not Visible Individually
KAN-AP-18WF10_2,Not Visible Individually
KAN-AP-18WF10_1,Not Visible Individually
KAN-AP-18WF13_4,Not Visible Individually
KAN-AP-18WF13_3,Not Visible Individually
KAN-AP-18WF13_2,Not Visible Individually
KAN-AP-18WF13_1,Not Visible Individually
KAN-AP-18WF14_4,Not Visible Individually
KAN-AP-18WF14_3,Not Visible Individually
KAN-AP-18WF14_2,Not Visible Individually
KAN-AP-18WF14_1,Not Visible Individually
KAN-AP-18WF15_4,Not Visible Individually
KAN-AP-18WF15_3,Not Visible Individually
KAN-AP-18WF15_2,Not Visible Individually
KAN-AP-18WF15_1,Not Visible Individually
KAN-AP-18WF16_4,Not Visible Individually
KAN-AP-18WF16_3,Not Visible Individually
KAN-AP-18WF16_2,Not Visible Individually
KAN-AP-18WF16_1,Not Visible Individually
KAN-AP-18WF18_4,Not Visible Individually
KAN-AP-18WF18_3,Not Visible Individually
KAN-AP-18WF18_2,Not Visible Individually
KAN-AP-18WF18_1,Not Visible Individually
KAN-AP-18WF19_4,Not Visible Individually
KAN-AP-18WF19_3,Not Visible Individually
KAN-AP-18WF19_2,Not Visible Individually
KAN-AP-18WF19_1,Not Visible Individually
KAN-AP-18WF20_4,Not Visible Individually
KAN-AP-18WF20_3,Not Visible Individually
KAN-AP-18WF20_2,Not Visible Individually
KAN-AP-18WF20_1,Not Visible Individually
