sku,categories
KAN-AP-17S08,Default Category/Shop/New Arrivals
KAN-AP-17S14,Default Category/Shop/New Arrivals
KAN-AP-17S15,Default Category/Shop/New Arrivals
KAN-AP-17S19,Default Category/Shop/New Arrivals
KAN-AP-17S27,Default Category/Shop/New Arrivals
KAN-AP-17S31,Default Category/Shop/New Arrivals
KAN-AP-17S36,Default Category/Shop/New Arrivals
KAN-AP-17S44,Default Category/Shop/New Arrivals
KAN-AP-17S46,Default Category/Shop/New Arrivals
KAN-AP-17S49,Default Category/Shop/New Arrivals
KAN-AP-18WF03,Default Category/Shop/New Arrivals
KAN-AP-18WF04,Default Category/Shop/New Arrivals
KAN-AP-18WF05,Default Category/Shop/New Arrivals
KAN-AP-18WF06,Default Category/Shop/New Arrivals
KAN-AP-18WF07,Default Category/Shop/New Arrivals
KAN-AP-18WF10,Default Category/Shop/New Arrivals
KAN-AP-18WF13,Default Category/Shop/New Arrivals
KAN-AP-18WF14,Default Category/Shop/New Arrivals
KAN-AP-18WF15,Default Category/Shop/New Arrivals
KAN-AP-18WF16,Default Category/Shop/New Arrivals
KAN-AP-18WF18,Default Category/Shop/New Arrivals
KAN-AP-18WF19,Default Category/Shop/New Arrivals
KAN-AP-18WF20,Default Category/Shop/New Arrivals
KAN-AP-20FW10,Default Category/Shop/New Arrivals
KAN-AP-20FW11,Default Category/Shop/New Arrivals
KAN-AP-20FW12,Default Category/Shop/New Arrivals
KAN-AP-20FW13,Default Category/Shop/New Arrivals
KAN-AP-20FW14,Default Category/Shop/New Arrivals
KAN-AP-20FW15,Default Category/Shop/New Arrivals
KAN-AP-20FW16,Default Category/Shop/New Arrivals
KAN-AP-20FW17,Default Category/Shop/New Arrivals
KAN-AP-20FW18,Default Category/Shop/New Arrivals
KAN-AP-20FW19,Default Category/Shop/New Arrivals
KAN-AP-20FW20,Default Category/Shop/New Arrivals
KAN-AP-20FW21,Default Category/Shop/New Arrivals
KAN-AP-20FW22,Default Category/Shop/New Arrivals
KAN-AP-20FW23,Default Category/Shop/New Arrivals
KAN-AP-20FW24,Default Category/Shop/New Arrivals
KAN-AP-20FW25,Default Category/Shop/New Arrivals
KAN-AP-20FW26,Default Category/Shop/New Arrivals
KAN-AP-20FW27,Default Category/Shop/New Arrivals
KAN-AP-20FW28,Default Category/Shop/New Arrivals
KAN-AP-20FW33,Default Category/Shop/New Arrivals
KAN-AP-20FW35,Default Category/Shop/New Arrivals
KAN-AP-17S08,Default Category/Shop/New Arrivals
KAN-AP-17S14,Default Category/Shop/New Arrivals
KAN-AP-17S15,Default Category/Shop/New Arrivals
KAN-AP-17S19,Default Category/Shop/New Arrivals
KAN-AP-17S27,Default Category/Shop/New Arrivals
KAN-AP-17S31,Default Category/Shop/New Arrivals
KAN-AP-17S36,Default Category/Shop/New Arrivals
KAN-AP-17S44,Default Category/Shop/New Arrivals
KAN-AP-17S46,Default Category/Shop/New Arrivals
KAN-AP-17S49,Default Category/Shop/New Arrivals
KAN-AP-19S03,Default Category/Shop/New Arrivals
KAN-AP-19S06,Default Category/Shop/New Arrivals
KAN-AP-19S13,Default Category/Shop/New Arrivals
KAN-AP-19S17,Default Category/Shop/New Arrivals
KAN-AP-19S19,Default Category/Shop/New Arrivals
KAN-AP-19S21,Default Category/Shop/New Arrivals
KAN-AP-19S23,Default Category/Shop/New Arrivals
KAN-AP-19S25,Default Category/Shop/New Arrivals
KAN-AP-19S26,Default Category/Shop/New Arrivals
KAN-AP-19S31,Default Category/Shop/New Arrivals
KAN-AP-19S34,Default Category/Shop/New Arrivals
KAN-AP-19S35,Default Category/Shop/New Arrivals
KAN-AP-19S36,Default Category/Shop/New Arrivals
KAN-AP-19S37,Default Category/Shop/New Arrivals
KAN-AP-19S38,Default Category/Shop/New Arrivals
KAN-AP-19S40,Default Category/Shop/New Arrivals
KAN-AP-19S41,Default Category/Shop/New Arrivals
KAN-AP-19S42,Default Category/Shop/New Arrivals
KAN-AP-19S45,Default Category/Shop/New Arrivals
KAN-AP-18S06,Default Category/Shop/New Arrivals
KAN-AP-18S11,Default Category/Shop/New Arrivals
KAN-AP-18S12,Default Category/Shop/New Arrivals
KAN-AP-18S13,Default Category/Shop/New Arrivals
KAN-AP-18S14,Default Category/Shop/New Arrivals
KAN-AP-18S15,Default Category/Shop/New Arrivals
KAN-AP-18S16,Default Category/Shop/New Arrivals
KAN-AP-18S18,Default Category/Shop/New Arrivals
KAN-AP-18S19,Default Category/Shop/New Arrivals
KAN-AP-18S22,Default Category/Shop/New Arrivals
KAN-AP-18S32,Default Category/Shop/New Arrivals
KAN-AP-18S33,Default Category/Shop/New Arrivals
KAN-AP-18S37,Default Category/Shop/New Arrivals
KAN-AP-18WF03,Default Category/Shop/New Arrivals
KAN-AP-18WF04,Default Category/Shop/New Arrivals
KAN-AP-18WF05,Default Category/Shop/New Arrivals
KAN-AP-18WF06,Default Category/Shop/New Arrivals
KAN-AP-18WF07,Default Category/Shop/New Arrivals
KAN-AP-18WF10,Default Category/Shop/New Arrivals
KAN-AP-18WF13,Default Category/Shop/New Arrivals
KAN-AP-18WF14,Default Category/Shop/New Arrivals
KAN-AP-18WF15,Default Category/Shop/New Arrivals
KAN-AP-18WF16,Default Category/Shop/New Arrivals
KAN-AP-18WF18,Default Category/Shop/New Arrivals
KAN-AP-18WF19,Default Category/Shop/New Arrivals
KAN-AP-18WF20,Default Category/Shop/New Arrivals
KAN-AP-17WF01,Default Category/Shop/New Arrivals
KAN-AP-17WF02,Default Category/Shop/New Arrivals
KAN-AP-17WF03,Default Category/Shop/New Arrivals
KAN-AP-17WF04,Default Category/Shop/New Arrivals
KAN-AP-17WF05,Default Category/Shop/New Arrivals
KAN-AP-17WF06,Default Category/Shop/New Arrivals
KAN-AP-17WF09,Default Category/Shop/New Arrivals
KAN-AP-17WF10,Default Category/Shop/New Arrivals
KAN-AP-17WF11,Default Category/Shop/New Arrivals
KAN-AP-17WF12,Default Category/Shop/New Arrivals
KAN-AP-17WF14,Default Category/Shop/New Arrivals
KAN-AP-17WF15,Default Category/Shop/New Arrivals
KAN-AP-17WF16,Default Category/Shop/New Arrivals
KAN-AP-17WF17,Default Category/Shop/New Arrivals
KAN-AP-17WF18,Default Category/Shop/New Arrivals
KAN-AP-17WF20,Default Category/Shop/New Arrivals
KAN-AP-17WF24,Default Category/Shop/New Arrivals
KAN-AP-17WF25,Default Category/Shop/New Arrivals
KAN-AP-17WF28,Default Category/Shop/New Arrivals
KAN-AP-17WF30,Default Category/Shop/New Arrivals
KAN-AP-20FW01,Default Category/Shop/New Arrivals
KAN-AP-20FW02,Default Category/Shop/New Arrivals
KAN-AP-20FW03,Default Category/Shop/New Arrivals
KAN-AP-20FW04,Default Category/Shop/New Arrivals
KAN-AP-20FW05,Default Category/Shop/New Arrivals
KAN-AP-20FW06,Default Category/Shop/New Arrivals
KAN-AP-20FW07,Default Category/Shop/New Arrivals
KAN-AP-20FW08,Default Category/Shop/New Arrivals
KAN-AP-20FW09,Default Category/Shop/New Arrivals
KAN-AP-20FW10,Default Category/Shop/New Arrivals
KAN-AP-20FW11,Default Category/Shop/New Arrivals
KAN-AP-20FW12,Default Category/Shop/New Arrivals
KAN-AP-20FW13,Default Category/Shop/New Arrivals
KAN-AP-20FW14,Default Category/Shop/New Arrivals
KAN-AP-20FW15,Default Category/Shop/New Arrivals
KAN-AP-20FW16,Default Category/Shop/New Arrivals
KAN-AP-20FW17,Default Category/Shop/New Arrivals
KAN-AP-20FW18,Default Category/Shop/New Arrivals
KAN-AP-20FW19,Default Category/Shop/New Arrivals
KAN-AP-20FW20,Default Category/Shop/New Arrivals
KAN-AP-20FW21,Default Category/Shop/New Arrivals
KAN-AP-20FW22,Default Category/Shop/New Arrivals
KAN-AP-20FW23,Default Category/Shop/New Arrivals
KAN-AP-20FW24,Default Category/Shop/New Arrivals
KAN-AP-20FW25,Default Category/Shop/New Arrivals
KAN-AP-20FW26,Default Category/Shop/New Arrivals
KAN-AP-20FW27,Default Category/Shop/New Arrivals
KAN-AP-20FW28,Default Category/Shop/New Arrivals
KAN-AP-20FW33,Default Category/Shop/New Arrivals
KAN-AP-20FW34,Default Category/Shop/New Arrivals
KAN-AP-20FW35,Default Category/Shop/New Arrivals
KAN-AP-20FW36,Default Category/Shop/New Arrivals
KAN-AP-20FW37,Default Category/Shop/New Arrivals
KAN-AP-20FW38,Default Category/Shop/New Arrivals
KAN-AP-21S02,Default Category/Shop/New Arrivals
KAN-AP-21S04,Default Category/Shop/New Arrivals
KAN-AP-21S05,Default Category/Shop/New Arrivals
KAN-AP-21S07,Default Category/Shop/New Arrivals
KAN-AP-21S09,Default Category/Shop/New Arrivals
KAN-AP-21S10,Default Category/Shop/New Arrivals
KAN-AP-21S11,Default Category/Shop/New Arrivals
KAN-AP-21S12,Default Category/Shop/New Arrivals
KAN-AP-21S14,Default Category/Shop/New Arrivals
KAN-AP-21S15,Default Category/Shop/New Arrivals
KAN-AP-21S16,Default Category/Shop/New Arrivals
KAN-AP-21S19,Default Category/Shop/New Arrivals
KAN-AP-21S20,Default Category/Shop/New Arrivals
KAN-AP-21S21,Default Category/Shop/New Arrivals
KAN-AP-21S23,Default Category/Shop/New Arrivals
KAN-AP-21S24,Default Category/Shop/New Arrivals
KAN-AP-21S25,Default Category/Shop/New Arrivals
KAN-AP-21S26,Default Category/Shop/New Arrivals
KAN-AP-21S29,Default Category/Shop/New Arrivals
KAN-AP-21S30,Default Category/Shop/New Arrivals
KAN-AP-21S31,Default Category/Shop/New Arrivals
KAN-AP-21S34,Default Category/Shop/New Arrivals
KAN-AP-21S35,Default Category/Shop/New Arrivals
KAN-AP-21S37,Default Category/Shop/New Arrivals
KAN-AP-21S39,Default Category/Shop/New Arrivals
KAN-AP-21S42,Default Category/Shop/New Arrivals
KAN-AP-21S43,Default Category/Shop/New Arrivals
KAN-AP-21S47,Default Category/Shop/New Arrivals
KAN-AP-21S49,Default Category/Shop/New Arrivals
KAN-AP-21S51,Default Category/Shop/New Arrivals
KAN-AP-21S55,Default Category/Shop/New Arrivals
KAN-AP-21S56,Default Category/Shop/New Arrivals
KAN-AP-21S57,Default Category/Shop/New Arrivals
KAN-AP-21S59,Default Category/Shop/New Arrivals
KAN-AP-21S60,Default Category/Shop/New Arrivals
KAN-AP-21S61,Default Category/Shop/New Arrivals
KAN-AP-21S64,Default Category/Shop/New Arrivals
KAN-AP-21S65,Default Category/Shop/New Arrivals
